run_timestamp,site,metric,band,value
2026-10-10T18:44:39+00:00,blocket,age_published_id_estimate_pct,0–1,2.91
2026-10-10T18:44:39+00:00,blocket,age_published_id_estimate_pct,14–30,23.34
2026-10-10T18:44:39+00:00,blocket,age_published_id_estimate_pct,180–365,0.0
2026-10-10T18:44:39+00:00,blocket,age_published_id_estimate_pct,1–7,14.91
2026-10-10T18:44:39+00:00,blocket,age_published_id_estimate_pct,30–60,29.51
2026-10-10T18:44:39+00:00,blocket,age_published_id_estimate_pct,365+,0.0
2026-10-10T18:44:39+00:00,blocket,age_published_id_estimate_pct,60–90,9.95
2026-10-10T18:44:39+00:00,blocket,age_published_id_estimate_pct,7–14,14.92
2026-10-10T18:44:39+00:00,blocket,age_published_id_estimate_pct,90–180,4.46
2026-10-10T18:44:39+00:00,blocket,age_published_or_renewed_pct,0–1,4.97
2026-10-10T18:44:39+00:00,blocket,age_published_or_renewed_pct,14–30,25.56
2026-10-10T18:44:39+00:00,blocket,age_published_or_renewed_pct,180–365,0.0
2026-10-10T18:44:39+00:00,blocket,age_published_or_renewed_pct,1–7,22.79
2026-10-10T18:44:39+00:00,blocket,age_published_or_renewed_pct,30–60,28.79
2026-10-10T18:44:39+00:00,blocket,age_published_or_renewed_pct,365+,0.0
2026-10-10T18:44:39+00:00,blocket,age_published_or_renewed_pct,60–90,0.05
2026-10-10T18:44:39+00:00,blocket,age_published_or_renewed_pct,7–14,17.83
2026-10-10T18:44:39+00:00,blocket,age_published_or_renewed_pct,90–180,0.0
2026-10-10T18:44:39+00:00,blocket,listings_read,,26441.0
2026-10-10T18:44:39+00:00,blocket,listings_site_count,,26601.0
2026-10-10T18:44:39+00:00,blocket,median_age_published_id_estimate_days,,25.28
2026-10-10T18:44:39+00:00,blocket,median_age_published_or_renewed_days,,15.28
2026-10-10T18:44:39+00:00,blocket,median_price_sek,,72900.0
2026-10-10T18:44:39+00:00,blocket,p25_price_sek,,35000.0
2026-10-10T18:44:39+00:00,blocket,p75_price_sek,,140000.0
2026-10-10T18:44:39+00:00,blocket,price_bands_walked,,17.0
2026-10-10T18:44:39+00:00,blocket,price_pct,0k–25k,14.38
2026-10-10T18:44:39+00:00,blocket,price_pct,100k–150k,13.87
2026-10-10T18:44:39+00:00,blocket,price_pct,150k–200k,8.9
2026-10-10T18:44:39+00:00,blocket,price_pct,200k–300k,8.21
2026-10-10T18:44:39+00:00,blocket,price_pct,25k–50k,21.44
2026-10-10T18:44:39+00:00,blocket,price_pct,300k–500k,4.3
2026-10-10T18:44:39+00:00,blocket,price_pct,500k+,1.71
2026-10-10T18:44:39+00:00,blocket,price_pct,50k–75k,14.81
2026-10-10T18:44:39+00:00,blocket,price_pct,75k–100k,12.38
2026-10-10T18:44:39+00:00,tradera,age_published_pct,0–1,3.45
2026-10-10T18:44:39+00:00,tradera,age_published_pct,14–30,27.2
2026-10-10T18:44:39+00:00,tradera,age_published_pct,180–365,0.03
2026-10-10T18:44:39+00:00,tradera,age_published_pct,1–7,18.23
2026-10-10T18:44:39+00:00,tradera,age_published_pct,30–60,36.63
2026-10-10T18:44:39+00:00,tradera,age_published_pct,365+,0.03
2026-10-10T18:44:39+00:00,tradera,age_published_pct,60–90,0.1
2026-10-10T18:44:39+00:00,tradera,age_published_pct,7–14,14.31
2026-10-10T18:44:39+00:00,tradera,age_published_pct,90–180,0.0
2026-10-10T18:44:39+00:00,tradera,listings_read,,3011.0
2026-10-10T18:44:39+00:00,tradera,listings_site_count,,3011.0
2026-10-10T18:44:39+00:00,tradera,median_age_published_days,,21.75
2026-10-10T18:44:39+00:00,tradera,median_price_sek,,50000.0
2026-10-10T18:44:39+00:00,tradera,p25_price_sek,,24000.0
2026-10-10T18:44:39+00:00,tradera,p75_price_sek,,105000.0
2026-10-10T18:44:39+00:00,tradera,price_pct,0k–25k,25.77
2026-10-10T18:44:39+00:00,tradera,price_pct,100k–150k,10.96
2026-10-10T18:44:39+00:00,tradera,price_pct,150k–200k,6.11
2026-10-10T18:44:39+00:00,tradera,price_pct,200k–300k,5.05
2026-10-10T18:44:39+00:00,tradera,price_pct,25k–50k,23.12
2026-10-10T18:44:39+00:00,tradera,price_pct,300k–500k,3.16
2026-10-10T18:44:39+00:00,tradera,price_pct,500k+,1.03
2026-10-10T18:44:39+00:00,tradera,price_pct,50k–75k,12.49
2026-10-10T18:44:39+00:00,tradera,price_pct,75k–100k,12.32
